,Accession,Description,dna,Protein,rna,Length
0,PQ817486,"Plasmodium falciparum isolate KR395 chloroquine resistance transporter (CRT) gene, partial cds",atttttatttatattttaagtattatttatttaagtgtatgtgtaattgaaacaatttttgctaaaagaactttaaacaaaattggtaactatagttttg,IFIYILSIIYLSVCVIETIFAKRTLNKIGNYSF,auuuuuauuuauauuuuaaguauuauuuauuuaaguguauguguaauugaaacaauuuuugcuaaaagaacuuuaaacaaaauugguaacuauaguuuug,100
1,PQ817485,"Plasmodium falciparum isolate KR389 chloroquine resistance transporter (CRT) gene, partial cds",atttttatttatattttaagtattatttatttaagtgtatgtgtaattgaaacaatttttgctaaaagaactttaaacaaaattggtaactatagttttg,IFIYILSIIYLSVCVIETIFAKRTLNKIGNYSF,auuuuuauuuauauuuuaaguauuauuuauuuaaguguauguguaauugaaacaauuuuugcuaaaagaacuuuaaacaaaauugguaacuauaguuuug,100
2,PQ817484,"Plasmodium falciparum isolate KR319 chloroquine resistance transporter (CRT) gene, partial cds",atttttatttatattttaagtattatttatttaagtgtatgtgtaattgaaacaatttttgctaaaagaactttaaacaaaattggtaactatagttttg,IFIYILSIIYLSVCVIETIFAKRTLNKIGNYSF,auuuuuauuuauauuuuaaguauuauuuauuuaaguguauguguaauugaaacaauuuuugcuaaaagaacuuuaaacaaaauugguaacuauaguuuug,100
3,PQ817483,"Plasmodium falciparum isolate KR315 chloroquine resistance transporter (CRT) gene, partial cds",atttttatttatattttaagtattatttatttaagtgtatgtgtaattgaaacaatttttgctaaaagaactttaaacaaaattggtaactatagttttg,IFIYILSIIYLSVCVIETIFAKRTLNKIGNYSF,auuuuuauuuauauuuuaaguauuauuuauuuaaguguauguguaauugaaacaauuuuugcuaaaagaacuuuaaacaaaauugguaacuauaguuuug,100
4,PQ817482,"Plasmodium falciparum isolate KR310 chloroquine resistance transporter (CRT) gene, partial cds",atttttatttatattttaagtattatttatttaagtgtatgtgtaattgaaacaatttttgctaaaagaactttaaacaaaattggtaactatagttttg,IFIYILSIIYLSVCVIETIFAKRTLNKIGNYSF,auuuuuauuuauauuuuaaguauuauuuauuuaaguguauguguaauugaaacaauuuuugcuaaaagaacuuuaaacaaaauugguaacuauaguuuug,100
5,PQ817481,"Plasmodium falciparum isolate KR309 chloroquine resistance transporter (CRT) gene, partial cds",atttttatttatattttaagtattatttatttaagtgtatgtgtaattgaaacaatttttgctaaaagaactttaaacaaaattggtaactatagttttg,IFIYILSIIYLSVCVIETIFAKRTLNKIGNYSF,auuuuuauuuauauuuuaaguauuauuuauuuaaguguauguguaauugaaacaauuuuugcuaaaagaacuuuaaacaaaauugguaacuauaguuuug,100
6,PQ817480,"Plasmodium falciparum isolate KR307 chloroquine resistance transporter (CRT) gene, partial cds",atttttatttatattttaagtattatttatttaagtgtatgtgtaattgaaacaatttttgctaaaagaactttaaacaaaattggtaactatagttttg,IFIYILSIIYLSVCVIETIFAKRTLNKIGNYSF,auuuuuauuuauauuuuaaguauuauuuauuuaaguguauguguaauugaaacaauuuuugcuaaaagaacuuuaaacaaaauugguaacuauaguuuug,100
7,PQ817479,"Plasmodium falciparum isolate KR284 chloroquine resistance transporter (CRT) gene, partial cds",atttttatttatattttaagtattatttatttaagtgtatgtgtaattgaaacaatttttgctaaaagaactttaaacaaaattggtaactatagttttg,IFIYILSIIYLSVCVIETIFAKRTLNKIGNYSF,auuuuuauuuauauuuuaaguauuauuuauuuaaguguauguguaauugaaacaauuuuugcuaaaagaacuuuaaacaaaauugguaacuauaguuuug,100
8,PQ817478,"Plasmodium falciparum isolate KR281 chloroquine resistance transporter (CRT) gene, partial cds",atttttatttatattttaagtattatttatttaagtgtatgtgtaattgaaacaatttttgctaaaagaactttaaacaaaattggtaactatagttttg,IFIYILSIIYLSVCVIETIFAKRTLNKIGNYSF,auuuuuauuuauauuuuaaguauuauuuauuuaaguguauguguaauugaaacaauuuuugcuaaaagaacuuuaaacaaaauugguaacuauaguuuug,100
9,PQ817477,"Plasmodium falciparum isolate KR279 chloroquine resistance transporter (CRT) gene, partial cds",atttttatttatattttaagtattatttatttaagtgtatgtgtaattgaaacaatttttgctaaaagaactttaaacaaaattggtaactatagttttg,IFIYILSIIYLSVCVIETIFAKRTLNKIGNYSF,auuuuuauuuauauuuuaaguauuauuuauuuaaguguauguguaauugaaacaauuuuugcuaaaagaacuuuaaacaaaauugguaacuauaguuuug,100
10,PQ817476,"Plasmodium falciparum isolate KR275 chloroquine resistance transporter (CRT) gene, partial cds",atttttatttatattttaagtattatttatttaagtgtatgtgtaattgaaacaatttttgctaaaagaactttaaacaaaattggtaactatagttttg,IFIYILSIIYLSVCVIETIFAKRTLNKIGNYSF,auuuuuauuuauauuuuaaguauuauuuauuuaaguguauguguaauugaaacaauuuuugcuaaaagaacuuuaaacaaaauugguaacuauaguuuug,100
11,PQ817475,"Plasmodium falciparum isolate KR273 chloroquine resistance transporter (CRT) gene, partial cds",atttttatttatattttaagtattatttatttaagtgtatgtgtaattgaaacaatttttgctaaaagaactttaaacaaaattggtaactatagttttg,IFIYILSIIYLSVCVIETIFAKRTLNKIGNYSF,auuuuuauuuauauuuuaaguauuauuuauuuaaguguauguguaauugaaacaauuuuugcuaaaagaacuuuaaacaaaauugguaacuauaguuuug,100
12,PQ817474,"Plasmodium falciparum isolate KR263 chloroquine resistance transporter (CRT) gene, partial cds",atttttatttatattttaagtattatttatttaagtgtatgtgtaattgaaacaatttttgctaaaagaactttaaacaaaattggtaactatagttttg,IFIYILSIIYLSVCVIETIFAKRTLNKIGNYSF,auuuuuauuuauauuuuaaguauuauuuauuuaaguguauguguaauugaaacaauuuuugcuaaaagaacuuuaaacaaaauugguaacuauaguuuug,100
13,PQ817473,"Plasmodium falciparum isolate KR257 chloroquine resistance transporter (CRT) gene, partial cds",atttttatttatattttaagtattatttatttaagtgtatgtgtaattgaaacaatttttgctaaaagaactttaaacaaaattggtaactatagttttg,IFIYILSIIYLSVCVIETIFAKRTLNKIGNYSF,auuuuuauuuauauuuuaaguauuauuuauuuaaguguauguguaauugaaacaauuuuugcuaaaagaacuuuaaacaaaauugguaacuauaguuuug,100
14,PQ817472,"Plasmodium falciparum isolate KR253 chloroquine resistance transporter (CRT) gene, partial cds",atttttatttatattttaagtattatttatttaagtgtatgtgtaattgaaacaatttttgctaaaagaactttaaacaaaattggtaactatagttttg,IFIYILSIIYLSVCVIETIFAKRTLNKIGNYSF,auuuuuauuuauauuuuaaguauuauuuauuuaaguguauguguaauugaaacaauuuuugcuaaaagaacuuuaaacaaaauugguaacuauaguuuug,100
15,PQ817471,"Plasmodium falciparum isolate KR251 chloroquine resistance transporter (CRT) gene, partial cds",atttttatttatattttaagtattatttatttaagtgtatgtgtaattgaaacaatttttgctaaaagaactttaaacaaaattggtaactatagttttg,IFIYILSIIYLSVCVIETIFAKRTLNKIGNYSF,auuuuuauuuauauuuuaaguauuauuuauuuaaguguauguguaauugaaacaauuuuugcuaaaagaacuuuaaacaaaauugguaacuauaguuuug,100
16,PQ817470,"Plasmodium falciparum isolate KR241 chloroquine resistance transporter (CRT) gene, partial cds",atttttatttatattttaagtattatttatttaagtgtatgtgtaattgaaacaatttttgctaaaagaactttaaacaaaattggtaactatagttttg,IFIYILSIIYLSVCVIETIFAKRTLNKIGNYSF,auuuuuauuuauauuuuaaguauuauuuauuuaaguguauguguaauugaaacaauuuuugcuaaaagaacuuuaaacaaaauugguaacuauaguuuug,100
17,PQ817469,"Plasmodium falciparum isolate IS773 chloroquine resistance transporter (CRT) gene, partial cds",atttttatttatattttaagtattatttatttaagtgtatgtgtaattgaaacaatttttgctaaaagaactttaaacaaaattggtaactatagttttg,IFIYILSIIYLSVCVIETIFAKRTLNKIGNYSF,auuuuuauuuauauuuuaaguauuauuuauuuaaguguauguguaauugaaacaauuuuugcuaaaagaacuuuaaacaaaauugguaacuauaguuuug,100
18,PQ817468,"Plasmodium falciparum isolate IS753 chloroquine resistance transporter (CRT) gene, partial cds",atttttatttatattttaagtattatttatttaagtgtatgtgtaattgaaacaatttttgctaaaagaactttaaacaaaattggtaactatagttttg,IFIYILSIIYLSVCVIETIFAKRTLNKIGNYSF,auuuuuauuuauauuuuaaguauuauuuauuuaaguguauguguaauugaaacaauuuuugcuaaaagaacuuuaaacaaaauugguaacuauaguuuug,100
19,PQ817467,"Plasmodium falciparum isolate IS655 chloroquine resistance transporter (CRT) gene, partial cds",atttttatttatattttaagtattatttatttaagtgtatgtgtaattgaaacaatttttgctaaaagaactttaaacaaaattggtaactatagttttg,IFIYILSIIYLSVCVIETIFAKRTLNKIGNYSF,auuuuuauuuauauuuuaaguauuauuuauuuaaguguauguguaauugaaacaauuuuugcuaaaagaacuuuaaacaaaauugguaacuauaguuuug,100
20,PQ817466,"Plasmodium falciparum isolate IS625 chloroquine resistance transporter (CRT) gene, partial cds",atttttatttatattttaagtattatttatttaagtgtatgtgtaattgaaacaatttttgctaaaagaactttaaacaaaattggtaactatagttttg,IFIYILSIIYLSVCVIETIFAKRTLNKIGNYSF,auuuuuauuuauauuuuaaguauuauuuauuuaaguguauguguaauugaaacaauuuuugcuaaaagaacuuuaaacaaaauugguaacuauaguuuug,100
21,PQ817465,"Plasmodium falciparum isolate IS433 chloroquine resistance transporter (CRT) gene, partial cds",atttttatttatattttaagtattatttatttaagtgtatgtgtaattgaaacaatttttgctaaaagaactttaaacaaaattggtaactatagttttg,IFIYILSIIYLSVCVIETIFAKRTLNKIGNYSF,auuuuuauuuauauuuuaaguauuauuuauuuaaguguauguguaauugaaacaauuuuugcuaaaagaacuuuaaacaaaauugguaacuauaguuuug,100
22,PQ817464,"Plasmodium falciparum isolate IS421 chloroquine resistance transporter (CRT) gene, partial cds",atttttatttatattttaagtattatttatttaagtgtatgtgtaattgaaacaatttttgctaaaagaactttaaacaaaattggtaactatagttttg,IFIYILSIIYLSVCVIETIFAKRTLNKIGNYSF,auuuuuauuuauauuuuaaguauuauuuauuuaaguguauguguaauugaaacaauuuuugcuaaaagaacuuuaaacaaaauugguaacuauaguuuug,100
23,PQ817463,"Plasmodium falciparum isolate IS414 chloroquine resistance transporter (CRT) gene, partial cds",atttttatttatattttaagtattatttatttaagtgtatgtgtaattgaaacaatttttgctaaaagaactttaaacaaaattggtaactatagttttg,IFIYILSIIYLSVCVIETIFAKRTLNKIGNYSF,auuuuuauuuauauuuuaaguauuauuuauuuaaguguauguguaauugaaacaauuuuugcuaaaagaacuuuaaacaaaauugguaacuauaguuuug,100
24,PQ817462,"Plasmodium falciparum isolate IS406 chloroquine resistance transporter (CRT) gene, partial cds",atttttatttatattttaagtattatttatttaagtgtatgtgtaattgaaacaatttttgctaaaagaactttaaacaaaattggtaactatagttttg,IFIYILSIIYLSVCVIETIFAKRTLNKIGNYSF,auuuuuauuuauauuuuaaguauuauuuauuuaaguguauguguaauugaaacaauuuuugcuaaaagaacuuuaaacaaaauugguaacuauaguuuug,100
25,PQ817461,"Plasmodium falciparum isolate IS217 chloroquine resistance transporter (CRT) gene, partial cds",atttttatttatattttaagtattatttatttaagtgtatgtgtaattgaaacaatttttgctaaaagaactttaaacaaaattggtaactatagttttg,IFIYILSIIYLSVCVIETIFAKRTLNKIGNYSF,auuuuuauuuauauuuuaaguauuauuuauuuaaguguauguguaauugaaacaauuuuugcuaaaagaacuuuaaacaaaauugguaacuauaguuuug,100
26,PQ817460,"Plasmodium falciparum isolate IS205 chloroquine resistance transporter (CRT) gene, partial cds",atttttatttatattttaagtattatttatttaagtgtatgtgtaattgaaacaatttttgctaaaagaactttaaacaaaattggtaactatagttttg,IFIYILSIIYLSVCVIETIFAKRTLNKIGNYSF,auuuuuauuuauauuuuaaguauuauuuauuuaaguguauguguaauugaaacaauuuuugcuaaaagaacuuuaaacaaaauugguaacuauaguuuug,100
27,PQ817459,"Plasmodium falciparum isolate IS189 chloroquine resistance transporter (CRT) gene, partial cds",atttttatttatattttaagtattatttatttaagtgtatgtgtaattgaaacaatttttgctaaaagaactttaaacaaaattggtaactatagttttg,IFIYILSIIYLSVCVIETIFAKRTLNKIGNYSF,auuuuuauuuauauuuuaaguauuauuuauuuaaguguauguguaauugaaacaauuuuugcuaaaagaacuuuaaacaaaauugguaacuauaguuuug,100
28,PQ817458,"Plasmodium falciparum isolate IS186 chloroquine resistance transporter (CRT) gene, partial cds",atttttatttatattttaagtattatttatttaagtgtatgtgtaattgaaacaatttttgctaaaagaactttaaacaaaattggtaactatagttttg,IFIYILSIIYLSVCVIETIFAKRTLNKIGNYSF,auuuuuauuuauauuuuaaguauuauuuauuuaaguguauguguaauugaaacaauuuuugcuaaaagaacuuuaaacaaaauugguaacuauaguuuug,100
29,PQ817457,"Plasmodium falciparum isolate IS41 chloroquine resistance transporter (CRT) gene, partial cds",atttttatttatattttaagtattatttatttaagtgtatgtgtaattgaaacaatttttgctaaaagaactttaaacaaaattggtaactatagttttg,IFIYILSIIYLSVCVIETIFAKRTLNKIGNYSF,auuuuuauuuauauuuuaaguauuauuuauuuaaguguauguguaauugaaacaauuuuugcuaaaagaacuuuaaacaaaauugguaacuauaguuuug,100
30,OR062776,"Plasmodium falciparum isolate Pf_1024 CRT protein (crt) gene, partial cds",ggtggaggttcttgtcttggtaaatgtgctcatgtgtttaaacttatttttaaagagattaaggataatatttttatttatattttaagtattatttatttaagtgtaagtgtaatgaatacaatttttgctaaaagaactttaaacaaaattggtaactatagttttgtaacatccgaaactcacaactttatttgtatgattatgttctttattgtttattccttatttggaaataaaaaggga,GGGSCLGKCAHVFKLIFKEIKDNIFIYILSIIYLSVSVMNTIFAKRTLNKIGNYSFVTSETHNFICMIMFFIVYSLFGNKKG,gguggagguucuugucuugguaaaugugcucauguguuuaaacuuauuuuuaaagagauuaaggauaauauuuuuauuuauauuuuaaguauuauuuauuuaaguguaaguguaaugaauacaauuuuugcuaaaagaacuuuaaacaaaauugguaacuauaguuuuguaacauccgaaacucacaacuuuauuuguaugauuauguucuuuauuguuuauuccuuauuuggaaauaaaaaggga,246
31,OR062775,"Plasmodium falciparum isolate Pf_763 CRT protein (crt) gene, partial cds",ggtggaggttcttgtcttggtaaatgtgctcatgtgtttaaacttatttttaaagagattaaggataatatttttatttatattttaagtattatttatttaagtgtaagtgtaatgaatacaatttttgctaaaagaactttaaacaaaattggtaactatagttttgtaacatccgaaactcacaactttatttgtatgattatgttctttattgtttattccttatttggaaataaaaaggga,GGGSCLGKCAHVFKLIFKEIKDNIFIYILSIIYLSVSVMNTIFAKRTLNKIGNYSFVTSETHNFICMIMFFIVYSLFGNKKG,gguggagguucuugucuugguaaaugugcucauguguuuaaacuuauuuuuaaagagauuaaggauaauauuuuuauuuauauuuuaaguauuauuuauuuaaguguaaguguaaugaauacaauuuuugcuaaaagaacuuuaaacaaaauugguaacuauaguuuuguaacauccgaaacucacaacuuuauuuguaugauuauguucuuuauuguuuauuccuuauuuggaaauaaaaaggga,246
32,OR062774,"Plasmodium falciparum isolate Pf_760 CRT protein (crt) gene, partial cds",ggtggaggttcttgtcttggtaaatgtgctcatgtgtttaaacttatttttaaagagattaaggataatatttttatttatattttaagtattatttatttaagtgtaagtgtaatgaatacaatttttgctaaaagaactttaaacaaaattggtaactatagttttgtaacatccgaaactcacaactttatttgtatgattatgttctttattgtttattccttatttggaaataaaaaggga,GGGSCLGKCAHVFKLIFKEIKDNIFIYILSIIYLSVSVMNTIFAKRTLNKIGNYSFVTSETHNFICMIMFFIVYSLFGNKKG,gguggagguucuugucuugguaaaugugcucauguguuuaaacuuauuuuuaaagagauuaaggauaauauuuuuauuuauauuuuaaguauuauuuauuuaaguguaaguguaaugaauacaauuuuugcuaaaagaacuuuaaacaaaauugguaacuauaguuuuguaacauccgaaacucacaacuuuauuuguaugauuauguucuuuauuguuuauuccuuauuuggaaauaaaaaggga,246
33,OR062773,"Plasmodium falciparum isolate Pf_759 CRT protein (crt) gene, partial cds",ggtggaggttcttgtcttggtaaatgtgctcatgtgtttaaacttatttttaaagagattaaggataatatttttatttatattttaagtattatttatttaagtgtaagtgtaatgaatacaatttttgctaaaagaactttaaacaaaattggtaactatagttttgtaacatccgaaactcacaactttatttgtatgattatgttctttattgtttattccttatttggaaataaaaaggga,GGGSCLGKCAHVFKLIFKEIKDNIFIYILSIIYLSVSVMNTIFAKRTLNKIGNYSFVTSETHNFICMIMFFIVYSLFGNKKG,gguggagguucuugucuugguaaaugugcucauguguuuaaacuuauuuuuaaagagauuaaggauaauauuuuuauuuauauuuuaaguauuauuuauuuaaguguaaguguaaugaauacaauuuuugcuaaaagaacuuuaaacaaaauugguaacuauaguuuuguaacauccgaaacucacaacuuuauuuguaugauuauguucuuuauuguuuauuccuuauuuggaaauaaaaaggga,246
34,OR062772,"Plasmodium falciparum isolate Pf_706 CRT protein (crt) gene, partial cds",ggtggaggttcttgtcttggtaaatgtgctcatgtgtttaaacttatttttaaagagattaaggataatatttttatttatattttaagtattatttatttaagtgtaagtgtaatgaatacaatttttgctaaaagaactttaaacaaaattggtaactatagttttgtaacatccgaaactcacaactttatttgtatgattatgttctttattgtttattccttatttggaaataaaaaggga,GGGSCLGKCAHVFKLIFKEIKDNIFIYILSIIYLSVSVMNTIFAKRTLNKIGNYSFVTSETHNFICMIMFFIVYSLFGNKKG,gguggagguucuugucuugguaaaugugcucauguguuuaaacuuauuuuuaaagagauuaaggauaauauuuuuauuuauauuuuaaguauuauuuauuuaaguguaaguguaaugaauacaauuuuugcuaaaagaacuuuaaacaaaauugguaacuauaguuuuguaacauccgaaacucacaacuuuauuuguaugauuauguucuuuauuguuuauuccuuauuuggaaauaaaaaggga,246
35,OR062771,"Plasmodium falciparum isolate Pf_698 CRT protein (crt) gene, partial cds",ggtggaggttcttgtcttggtaaatgtgctcatgtgtttaaacttatttttaaagagattaaggataatatttttatttatattttaagtattatttatttaagtgtaagtgtaatgaatacaatttttgctaaaagaactttaaacaaaattggtaactatagttttgtaacatccgaaactcacaactttatttgtatgattatgttctttattgtttattccttatttggaaataaaaaggga,GGGSCLGKCAHVFKLIFKEIKDNIFIYILSIIYLSVSVMNTIFAKRTLNKIGNYSFVTSETHNFICMIMFFIVYSLFGNKKG,gguggagguucuugucuugguaaaugugcucauguguuuaaacuuauuuuuaaagagauuaaggauaauauuuuuauuuauauuuuaaguauuauuuauuuaaguguaaguguaaugaauacaauuuuugcuaaaagaacuuuaaacaaaauugguaacuauaguuuuguaacauccgaaacucacaacuuuauuuguaugauuauguucuuuauuguuuauuccuuauuuggaaauaaaaaggga,246
36,OR062770,"Plasmodium falciparum isolate Pf_695 CRT protein (crt) gene, partial cds",ggtggaggttcttgtcttggtaaatgtgctcatgtgtttaaacttatttttaaagagattaaggataatatttttatttatattttaagtattatttatttaagtgtaagtgtaatgaatacaatttttgctaaaagaactttaaacaaaattggtaactatagttttgtaacatccgaaactcacaactttatttgtatgattatgttctttattgtttattccttatttggaaataaaaaggga,GGGSCLGKCAHVFKLIFKEIKDNIFIYILSIIYLSVSVMNTIFAKRTLNKIGNYSFVTSETHNFICMIMFFIVYSLFGNKKG,gguggagguucuugucuugguaaaugugcucauguguuuaaacuuauuuuuaaagagauuaaggauaauauuuuuauuuauauuuuaaguauuauuuauuuaaguguaaguguaaugaauacaauuuuugcuaaaagaacuuuaaacaaaauugguaacuauaguuuuguaacauccgaaacucacaacuuuauuuguaugauuauguucuuuauuguuuauuccuuauuuggaaauaaaaaggga,246
37,OR062769,"Plasmodium falciparum isolate Pf_693 CRT protein (crt) gene, partial cds",ggtggaggttcttgtcttggtaaatgtgctcatgtgtttaaacttatttttaaagagattaaggataatatttttatttatattttaagtattatttatttaagtgtaagtgtaatgaatacaatttttgctaaaagaactttaaacaaaattggtaactatagttttgtaacatccgaaactcacaactttatttgtatgattatgttctttattgtttattccttatttggaaataaaaaggga,GGGSCLGKCAHVFKLIFKEIKDNIFIYILSIIYLSVSVMNTIFAKRTLNKIGNYSFVTSETHNFICMIMFFIVYSLFGNKKG,gguggagguucuugucuugguaaaugugcucauguguuuaaacuuauuuuuaaagagauuaaggauaauauuuuuauuuauauuuuaaguauuauuuauuuaaguguaaguguaaugaauacaauuuuugcuaaaagaacuuuaaacaaaauugguaacuauaguuuuguaacauccgaaacucacaacuuuauuuguaugauuauguucuuuauuguuuauuccuuauuuggaaauaaaaaggga,246
38,OR062768,"Plasmodium falciparum isolate Pf_707 CRT protein (crt) gene, partial cds",ggtggaggttcttgtcttggtaaatgtgctcatgtgtttaaacttatttttaaagagattaaggataatatttttatttatattttaagtattatttatttaagtgtaagtgtaatgaatacaatttttgctaaaagaactttaaacaaaattggtaactatagttttgtaacatccgaaactcacaactttatttgtatgattatgttctttattgtttattccttatttggaaataaaaaggga,GGGSCLGKCAHVFKLIFKEIKDNIFIYILSIIYLSVSVMNTIFAKRTLNKIGNYSFVTSETHNFICMIMFFIVYSLFGNKKG,gguggagguucuugucuugguaaaugugcucauguguuuaaacuuauuuuuaaagagauuaaggauaauauuuuuauuuauauuuuaaguauuauuuauuuaaguguaaguguaaugaauacaauuuuugcuaaaagaacuuuaaacaaaauugguaacuauaguuuuguaacauccgaaacucacaacuuuauuuguaugauuauguucuuuauuguuuauuccuuauuuggaaauaaaaaggga,246
39,OR062767,"Plasmodium falciparum isolate Pf_889 CRT protein (crt) gene, partial cds",ggtggaggttcttgtcttggtaaatgtgctcatgtgtttaaacttatttttaaagagattaaggataatatttttatttatattttaagtattatttatttaagtgtaagtgtaatgaatacaatttttgctaaaagaactttaaacaaaattggtaactatagttttgtaacatccgaaactcacaactttatttgtatgattatgttctttattgtttattccttatttggaaataaaaaggga,GGGSCLGKCAHVFKLIFKEIKDNIFIYILSIIYLSVSVMNTIFAKRTLNKIGNYSFVTSETHNFICMIMFFIVYSLFGNKKG,gguggagguucuugucuugguaaaugugcucauguguuuaaacuuauuuuuaaagagauuaaggauaauauuuuuauuuauauuuuaaguauuauuuauuuaaguguaaguguaaugaauacaauuuuugcuaaaagaacuuuaaacaaaauugguaacuauaguuuuguaacauccgaaacucacaacuuuauuuguaugauuauguucuuuauuguuuauuccuuauuuggaaauaaaaaggga,246
40,OR062766,"Plasmodium falciparum isolate Pf_888 CRT protein (crt) gene, partial cds",ggtggaggttcttgtcttggtaaatgtgctcatgtgtttaaacttatttttaaagagattaaggataatatttttatttatattttaagtattatttatttaagtgtaagtgtaatgaatacaatttttgctaaaagaactttaaacaaaattggtaactatagttttgtaacatccgaaactcacaactttatttgtatgattatgttctttattgtttattccttatttggaaataaaaaggga,GGGSCLGKCAHVFKLIFKEIKDNIFIYILSIIYLSVSVMNTIFAKRTLNKIGNYSFVTSETHNFICMIMFFIVYSLFGNKKG,gguggagguucuugucuugguaaaugugcucauguguuuaaacuuauuuuuaaagagauuaaggauaauauuuuuauuuauauuuuaaguauuauuuauuuaaguguaaguguaaugaauacaauuuuugcuaaaagaacuuuaaacaaaauugguaacuauaguuuuguaacauccgaaacucacaacuuuauuuguaugauuauguucuuuauuguuuauuccuuauuuggaaauaaaaaggga,246
41,OR062765,"Plasmodium falciparum isolate Pf_887 CRT protein (crt) gene, partial cds",ggtggaggttcttgtcttggtaaatgtgctcatgtgtttaaacttatttttaaagagattaaggataatatttttatttatattttaagtattatttatttaagtgtaagtgtaatgaatacaatttttgctaaaagaactttaaacaaaattggtaactatagttttgtaacatccgaaactcacaactttatttgtatgattatgttctttattgtttattccttatttggaaataaaaaggga,GGGSCLGKCAHVFKLIFKEIKDNIFIYILSIIYLSVSVMNTIFAKRTLNKIGNYSFVTSETHNFICMIMFFIVYSLFGNKKG,gguggagguucuugucuugguaaaugugcucauguguuuaaacuuauuuuuaaagagauuaaggauaauauuuuuauuuauauuuuaaguauuauuuauuuaaguguaaguguaaugaauacaauuuuugcuaaaagaacuuuaaacaaaauugguaacuauaguuuuguaacauccgaaacucacaacuuuauuuguaugauuauguucuuuauuguuuauuccuuauuuggaaauaaaaaggga,246
42,OR062764,"Plasmodium falciparum isolate Pf_886 CRT protein (crt) gene, partial cds",ggtggaggttcttgtcttggtaaatgtgctcatgtgtttaaacttatttttaaagagattaaggataatatttttatttatattttaagtattatttatttaagtgtaagtgtaatgaatacaatttttgctaaaagaactttaaacaaaattggtaactatagttttgtaacatccgaaactcacaactttatttgtatgattatgttctttattgtttattccttatttggaaataaaaaggga,GGGSCLGKCAHVFKLIFKEIKDNIFIYILSIIYLSVSVMNTIFAKRTLNKIGNYSFVTSETHNFICMIMFFIVYSLFGNKKG,gguggagguucuugucuugguaaaugugcucauguguuuaaacuuauuuuuaaagagauuaaggauaauauuuuuauuuauauuuuaaguauuauuuauuuaaguguaaguguaaugaauacaauuuuugcuaaaagaacuuuaaacaaaauugguaacuauaguuuuguaacauccgaaacucacaacuuuauuuguaugauuauguucuuuauuguuuauuccuuauuuggaaauaaaaaggga,246
43,OR062763,"Plasmodium falciparum isolate Pf_884 CRT protein (crt) gene, partial cds",ggtggaggttcttgtcttggtaaatgtgctcatgtgtttaaacttatttttaaagagattaaggataatatttttatttatattttaagtattatttatttaagtgtaagtgtaatgaatacaatttttgctaaaagaactttaaacaaaattggtaactatagttttgtaacatccgaaactcacaactttatttgtatgattatgttctttattgtttattccttatttggaaataaaaaggga,GGGSCLGKCAHVFKLIFKEIKDNIFIYILSIIYLSVSVMNTIFAKRTLNKIGNYSFVTSETHNFICMIMFFIVYSLFGNKKG,gguggagguucuugucuugguaaaugugcucauguguuuaaacuuauuuuuaaagagauuaaggauaauauuuuuauuuauauuuuaaguauuauuuauuuaaguguaaguguaaugaauacaauuuuugcuaaaagaacuuuaaacaaaauugguaacuauaguuuuguaacauccgaaacucacaacuuuauuuguaugauuauguucuuuauuguuuauuccuuauuuggaaauaaaaaggga,246
44,OR062762,"Plasmodium falciparum isolate Pf_881 CRT protein (crt) gene, partial cds",ggtggaggttcttgtcttggtaaatgtgctcatgtgtttaaacttatttttaaagagattaaggataatatttttatttatattttaagtattatttatttaagtgtaagtgtaatgaatacaatttttgctaaaagaactttaaacaaaattggtaactatagttttgtaacatccgaaactcacaactttatttgtatgattatgttctttattgtttattccttatttggaaataaaaaggga,GGGSCLGKCAHVFKLIFKEIKDNIFIYILSIIYLSVSVMNTIFAKRTLNKIGNYSFVTSETHNFICMIMFFIVYSLFGNKKG,gguggagguucuugucuugguaaaugugcucauguguuuaaacuuauuuuuaaagagauuaaggauaauauuuuuauuuauauuuuaaguauuauuuauuuaaguguaaguguaaugaauacaauuuuugcuaaaagaacuuuaaacaaaauugguaacuauaguuuuguaacauccgaaacucacaacuuuauuuguaugauuauguucuuuauuguuuauuccuuauuuggaaauaaaaaggga,246
45,OR062761,"Plasmodium falciparum isolate Pf_880 CRT protein (crt) gene, partial cds",ggtggaggttcttgtcttggtaaatgtgctcatgtgtttaaacttatttttaaagagattaaggataatatttttatttatattttaagtattatttatttaagtgtaagtgtaatgaatacaatttttgctaaaagaactttaaacaaaattggtaactatagttttgtaacatccgaaactcacaactttatttgtatgattatgttctttattgtttattccttatttggaaataaaaaggga,GGGSCLGKCAHVFKLIFKEIKDNIFIYILSIIYLSVSVMNTIFAKRTLNKIGNYSFVTSETHNFICMIMFFIVYSLFGNKKG,gguggagguucuugucuugguaaaugugcucauguguuuaaacuuauuuuuaaagagauuaaggauaauauuuuuauuuauauuuuaaguauuauuuauuuaaguguaaguguaaugaauacaauuuuugcuaaaagaacuuuaaacaaaauugguaacuauaguuuuguaacauccgaaacucacaacuuuauuuguaugauuauguucuuuauuguuuauuccuuauuuggaaauaaaaaggga,246
46,OR062760,"Plasmodium falciparum isolate Pf_603 CRT protein (crt) gene, partial cds",ggtggaggttcttgtcttggtaaatgtgctcatgtgtttaaacttatttttaaagagattaaggataatatttttatttatattttaagtattatttatttaagtgtaagtgtaatgaatacaatttttgctaaaagaactttaaacaaaattggtaactatagttttgtaacatccgaaactcacaactttatttgtatgattatgttctttattgtttattccttatttggaaataaaaaggga,GGGSCLGKCAHVFKLIFKEIKDNIFIYILSIIYLSVSVMNTIFAKRTLNKIGNYSFVTSETHNFICMIMFFIVYSLFGNKKG,gguggagguucuugucuugguaaaugugcucauguguuuaaacuuauuuuuaaagagauuaaggauaauauuuuuauuuauauuuuaaguauuauuuauuuaaguguaaguguaaugaauacaauuuuugcuaaaagaacuuuaaacaaaauugguaacuauaguuuuguaacauccgaaacucacaacuuuauuuguaugauuauguucuuuauuguuuauuccuuauuuggaaauaaaaaggga,246
47,OR062759,"Plasmodium falciparum isolate Pf_612 CRT protein (crt) gene, partial cds",ggtggaggttcttgtcttggtaaatgtgctcatgtgtttaaacttatttttaaagagattaaggataatatttttatttatattttaagtattatttatttaagtgtaagtgtaatgaatacaatttttgctaaaagaactttaaacaaaattggtaactatagttttgtaacatccgaaactcacaactttatttgtatgattatgttctttattgtttattccttatttggaaataaaaaggga,GGGSCLGKCAHVFKLIFKEIKDNIFIYILSIIYLSVSVMNTIFAKRTLNKIGNYSFVTSETHNFICMIMFFIVYSLFGNKKG,gguggagguucuugucuugguaaaugugcucauguguuuaaacuuauuuuuaaagagauuaaggauaauauuuuuauuuauauuuuaaguauuauuuauuuaaguguaaguguaaugaauacaauuuuugcuaaaagaacuuuaaacaaaauugguaacuauaguuuuguaacauccgaaacucacaacuuuauuuguaugauuauguucuuuauuguuuauuccuuauuuggaaauaaaaaggga,246
48,OR062758,"Plasmodium falciparum isolate Pf_602 CRT protein (crt) gene, partial cds",ggtggaggttcttgtcttggtaaatgtgctcatgtgtttaaacttatttttaaagagattaaggataatatttttatttatattttaagtattatttatttaagtgtaagtgtaatgaatacaatttttgctaaaagaactttaaacaaaattggtaactatagttttgtaacatccgaaactcacaactttatttgtatgattatgttctttattgtttattccttatttggaaataaaaaggga,GGGSCLGKCAHVFKLIFKEIKDNIFIYILSIIYLSVSVMNTIFAKRTLNKIGNYSFVTSETHNFICMIMFFIVYSLFGNKKG,gguggagguucuugucuugguaaaugugcucauguguuuaaacuuauuuuuaaagagauuaaggauaauauuuuuauuuauauuuuaaguauuauuuauuuaaguguaaguguaaugaauacaauuuuugcuaaaagaacuuuaaacaaaauugguaacuauaguuuuguaacauccgaaacucacaacuuuauuuguaugauuauguucuuuauuguuuauuccuuauuuggaaauaaaaaggga,246
49,OR062757,"Plasmodium falciparum isolate Pf_610 CRT protein (crt) gene, partial cds",ggtggaggttcttgtcttggtaaatgtgctcatgtgtttaaacttatttttaaagagattaaggataatatttttatttatattttaagtattatttatttaagtgtaagtgtaatgaatacaatttttgctaaaagaactttaaacaaaattggtaactatagttttgtaacatccgaaactcacaactttatttgtatgattatgttctttattgtttattccttatttggaaataaaaaggga,GGGSCLGKCAHVFKLIFKEIKDNIFIYILSIIYLSVSVMNTIFAKRTLNKIGNYSFVTSETHNFICMIMFFIVYSLFGNKKG,gguggagguucuugucuugguaaaugugcucauguguuuaaacuuauuuuuaaagagauuaaggauaauauuuuuauuuauauuuuaaguauuauuuauuuaaguguaaguguaaugaauacaauuuuugcuaaaagaacuuuaaacaaaauugguaacuauaguuuuguaacauccgaaacucacaacuuuauuuguaugauuauguucuuuauuguuuauuccuuauuuggaaauaaaaaggga,246
50,OR062756,"Plasmodium falciparum isolate Pf_607 CRT protein (crt) gene, partial cds",ggtggaggttcttgtcttggtaaatgtgctcatgtgtttaaacttatttttaaagagattaaggataatatttttatttatattttaagtattatttatttaagtgtaagtgtaatgaatacaatttttgctaaaagaactttaaacaaaattggtaactatagttttgtaacatccgaaactcacaactttatttgtatgattatgttctttattgtttattccttatttggaaataaaaaggga,GGGSCLGKCAHVFKLIFKEIKDNIFIYILSIIYLSVSVMNTIFAKRTLNKIGNYSFVTSETHNFICMIMFFIVYSLFGNKKG,gguggagguucuugucuugguaaaugugcucauguguuuaaacuuauuuuuaaagagauuaaggauaauauuuuuauuuauauuuuaaguauuauuuauuuaaguguaaguguaaugaauacaauuuuugcuaaaagaacuuuaaacaaaauugguaacuauaguuuuguaacauccgaaacucacaacuuuauuuguaugauuauguucuuuauuguuuauuccuuauuuggaaauaaaaaggga,246
51,OR062755,"Plasmodium falciparum isolate Pf_609 CRT protein (crt) gene, partial cds",ggtggaggttcttgtcttggtaaatgtgctcatgtgtttaaacttatttttaaagagattaaggataatatttttatttatattttaagtattatttatttaagtgtaagtgtaatgaatacaatttttgctaaaagaactttaaacaaaattggtaactatagttttgtaacatccgaaactcacaactttatttgtatgattatgttctttattgtttattccttatttggaaataaaaaggga,GGGSCLGKCAHVFKLIFKEIKDNIFIYILSIIYLSVSVMNTIFAKRTLNKIGNYSFVTSETHNFICMIMFFIVYSLFGNKKG,gguggagguucuugucuugguaaaugugcucauguguuuaaacuuauuuuuaaagagauuaaggauaauauuuuuauuuauauuuuaaguauuauuuauuuaaguguaaguguaaugaauacaauuuuugcuaaaagaacuuuaaacaaaauugguaacuauaguuuuguaacauccgaaacucacaacuuuauuuguaugauuauguucuuuauuguuuauuccuuauuuggaaauaaaaaggga,246
52,OR062754,"Plasmodium falciparum isolate Pf_605 CRT protein (crt) gene, partial cds",ggtggaggttcttgtcttggtaaatgtgctcatgtgtttaaacttatttttaaagagattaaggataatatttttatttatattttaagtattatttatttaagtgtaagtgtaatgaatacaatttttgctaaaagaactttaaacaaaattggtaactatagttttgtaacatccgaaactcacaactttatttgtatgattatgttctttattgtttattccttatttggaaataaaaaggga,GGGSCLGKCAHVFKLIFKEIKDNIFIYILSIIYLSVSVMNTIFAKRTLNKIGNYSFVTSETHNFICMIMFFIVYSLFGNKKG,gguggagguucuugucuugguaaaugugcucauguguuuaaacuuauuuuuaaagagauuaaggauaauauuuuuauuuauauuuuaaguauuauuuauuuaaguguaaguguaaugaauacaauuuuugcuaaaagaacuuuaaacaaaauugguaacuauaguuuuguaacauccgaaacucacaacuuuauuuguaugauuauguucuuuauuguuuauuccuuauuuggaaauaaaaaggga,246
53,OR062753,"Plasmodium falciparum isolate Pf_611 CRT protein (crt) gene, partial cds",ggtggaggttcttgtcttggtaaatgtgctcatgtgtttaaacttatttttaaagagattaaggataatatttttatttatattttaagtattatttatttaagtgtaagtgtaatgaatacaatttttgctaaaagaactttaaacaaaattggtaactatagttttgtaacatccgaaactcacaactttatttgtatgattatgttctttattgtttattccttatttggaaataaaaaggga,GGGSCLGKCAHVFKLIFKEIKDNIFIYILSIIYLSVSVMNTIFAKRTLNKIGNYSFVTSETHNFICMIMFFIVYSLFGNKKG,gguggagguucuugucuugguaaaugugcucauguguuuaaacuuauuuuuaaagagauuaaggauaauauuuuuauuuauauuuuaaguauuauuuauuuaaguguaaguguaaugaauacaauuuuugcuaaaagaacuuuaaacaaaauugguaacuauaguuuuguaacauccgaaacucacaacuuuauuuguaugauuauguucuuuauuguuuauuccuuauuuggaaauaaaaaggga,246
54,OR062752,"Plasmodium falciparum isolate Pf_827 CRT protein (crt) gene, partial cds",ggtggaggttcttgtcttggtaaatgtgctcatgtgtttaaacttatttttaaagagattaaggataatatttttatttatattttaagtattatttatttaagtgtatgtgtaatgaataaaatttttgctaaaagaactttaaacaaaattggtaactatagttttgtaacatccgaaactcacaactttatttgtatgattatgttctttattgtttattccttatttggaaataaaaaggga,GGGSCLGKCAHVFKLIFKEIKDNIFIYILSIIYLSVCVMNKIFAKRTLNKIGNYSFVTSETHNFICMIMFFIVYSLFGNKKG,gguggagguucuugucuugguaaaugugcucauguguuuaaacuuauuuuuaaagagauuaaggauaauauuuuuauuuauauuuuaaguauuauuuauuuaaguguauguguaaugaauaaaauuuuugcuaaaagaacuuuaaacaaaauugguaacuauaguuuuguaacauccgaaacucacaacuuuauuuguaugauuauguucuuuauuguuuauuccuuauuuggaaauaaaaaggga,246
55,OR062751,"Plasmodium falciparum isolate Pf_826 CRT protein (crt) gene, partial cds",ggtggaggttcttgtcttggtaaatgtgctcatgtgtttaaacttatttttaaagagattaaggataatatttttatttatattttaagtattatttatttaagtgtatgtgtaatgaataaaatttttgctaaaagaactttaaacaaaattggtaactatagttttgtaacatccgaaactcacaactttatttgtatgattatgttctttattgtttattccttatttggaaataaaaaggga,GGGSCLGKCAHVFKLIFKEIKDNIFIYILSIIYLSVCVMNKIFAKRTLNKIGNYSFVTSETHNFICMIMFFIVYSLFGNKKG,gguggagguucuugucuugguaaaugugcucauguguuuaaacuuauuuuuaaagagauuaaggauaauauuuuuauuuauauuuuaaguauuauuuauuuaaguguauguguaaugaauaaaauuuuugcuaaaagaacuuuaaacaaaauugguaacuauaguuuuguaacauccgaaacucacaacuuuauuuguaugauuauguucuuuauuguuuauuccuuauuuggaaauaaaaaggga,246
56,OR062750,"Plasmodium falciparum isolate Pf_824 CRT protein (crt) gene, partial cds",ggtggaggttcttgtcttggtaaatgtgctcatgtgtttaaacttatttttaaagagattaaggataatatttttatttatattttaagtattatttatttaagtgtatgtgtaattgaaacaatttttgctaaaagaactttaaacaaaattggtaactatagttttgtaacatccgaaactcacaactttatttgtatgattatgttctttattgtttattccttatttggaaataaaaaggga,GGGSCLGKCAHVFKLIFKEIKDNIFIYILSIIYLSVCVIETIFAKRTLNKIGNYSFVTSETHNFICMIMFFIVYSLFGNKKG,gguggagguucuugucuugguaaaugugcucauguguuuaaacuuauuuuuaaagagauuaaggauaauauuuuuauuuauauuuuaaguauuauuuauuuaaguguauguguaauugaaacaauuuuugcuaaaagaacuuuaaacaaaauugguaacuauaguuuuguaacauccgaaacucacaacuuuauuuguaugauuauguucuuuauuguuuauuccuuauuuggaaauaaaaaggga,246
57,OR062749,"Plasmodium falciparum isolate Pf_823 CRT protein (crt) gene, partial cds",ggtggaggttcttgtcttggtaaatgtgctcatgtgtttaaacttatttttaaagagattaaggataatatttttatttatattttaagtattatttatttaagtgtatgtgtaatgaataaaatttttgctaaaagaactttaaacaaaattggtaactatagttttgtaacatccgaaactcacaactttatttgtatgattatgttctttattgtttattccttatttggaaataaaaaggga,GGGSCLGKCAHVFKLIFKEIKDNIFIYILSIIYLSVCVMNKIFAKRTLNKIGNYSFVTSETHNFICMIMFFIVYSLFGNKKG,gguggagguucuugucuugguaaaugugcucauguguuuaaacuuauuuuuaaagagauuaaggauaauauuuuuauuuauauuuuaaguauuauuuauuuaaguguauguguaaugaauaaaauuuuugcuaaaagaacuuuaaacaaaauugguaacuauaguuuuguaacauccgaaacucacaacuuuauuuguaugauuauguucuuuauuguuuauuccuuauuuggaaauaaaaaggga,246
58,OR062748,"Plasmodium falciparum isolate Pf_820 CRT protein (crt) gene, partial cds",ggtggaggttcttgtcttggtaaatgtgctcatgtgtttaaacttatttttaaagagattaaggataatatttttatttatattttaagtattatttatttaagtgtatgtgtaattgaaacaatttttgctaaaagaactttaaacaaaattggtaactatagttttgtaacatccgaaactcacaactttatttgtatgattatgttctttattgtttattccttatttggaaataaaaaggga,GGGSCLGKCAHVFKLIFKEIKDNIFIYILSIIYLSVCVIETIFAKRTLNKIGNYSFVTSETHNFICMIMFFIVYSLFGNKKG,gguggagguucuugucuugguaaaugugcucauguguuuaaacuuauuuuuaaagagauuaaggauaauauuuuuauuuauauuuuaaguauuauuuauuuaaguguauguguaauugaaacaauuuuugcuaaaagaacuuuaaacaaaauugguaacuauaguuuuguaacauccgaaacucacaacuuuauuuguaugauuauguucuuuauuguuuauuccuuauuuggaaauaaaaaggga,246
59,OR062747,"Plasmodium falciparum isolate Pf_817 CRT protein (crt) gene, partial cds",ggtggaggttcttgtcttggtaaatgtgctcatgtgtttaaacttatttttaaagagattaaggataatatttttatttatattttaagtattatttatttaagtgtatgtgtaatgaataaaatttttgctaaaagaactttaaacaaaattggtaactatagttttgtaacatccgaaactcacaactttatttgtatgattatgttctttattgtttattccttatttggaaataaaaaggga,GGGSCLGKCAHVFKLIFKEIKDNIFIYILSIIYLSVCVMNKIFAKRTLNKIGNYSFVTSETHNFICMIMFFIVYSLFGNKKG,gguggagguucuugucuugguaaaugugcucauguguuuaaacuuauuuuuaaagagauuaaggauaauauuuuuauuuauauuuuaaguauuauuuauuuaaguguauguguaaugaauaaaauuuuugcuaaaagaacuuuaaacaaaauugguaacuauaguuuuguaacauccgaaacucacaacuuuauuuguaugauuauguucuuuauuguuuauuccuuauuuggaaauaaaaaggga,246
